n_components;n_neighbors;min_cluster_size;min_dist;coherence;diversity;score;n_topics;topic0_count
4;19;15;0,3;0,432183906;0,866666667;0,374559385;6;4716
4;19;16;0,3;0,432183906;0,866666667;0,374559385;6;4716
4;19;18;0,3;0,432183906;0,866666667;0,374559385;6;4716
4;19;19;0,3;0,432183906;0,866666667;0,374559385;6;4716
2;19;15;0,3;0,432183906;0,866666667;0,374559385;6;4715
2;19;16;0,3;0,432183906;0,866666667;0,374559385;6;4715
4;19;17;0,3;0,432183906;0,866666667;0,374559385;6;4716
2;19;17;0,3;0,426019926;0,85;0,362116937;6;4714
2;19;18;0,3;0,426019926;0,85;0,362116937;6;4714
2;19;19;0,3;0,426019926;0,85;0,362116937;6;4714
3;18;14;0,3;0,440052626;0,771428571;0,339469169;7;4696
4;13;17;0,5;0,432458102;0,771428571;0,333610536;7;4709
4;13;19;0,5;0,432458102;0,771428571;0,333610536;7;4709
4;13;18;0,5;0,432458102;0,771428571;0,333610536;7;4709
2;18;17;0,1;0,467680614;0,711111111;0,332572881;9;4448
2;18;18;0,1;0,467680614;0,711111111;0,332572881;9;4448
3;18;13;0,5;0,421630343;0,785714286;0,331280983;7;4708
3;18;12;0,5;0,421630343;0,785714286;0,331280983;7;4708
3;18;14;0,5;0,421630343;0,785714286;0,331280983;7;4708
3;18;10;0,5;0,421630343;0,785714286;0,331280983;7;4708
2;18;14;0,5;0,421630343;0,785714286;0,331280983;7;4708
2;18;12;0,5;0,421630343;0,785714286;0,331280983;7;4708
2;18;13;0,5;0,421630343;0,785714286;0,331280983;7;4708
3;18;11;0,5;0,421630343;0,785714286;0,331280983;7;4708
4;19;18;0,1;0,443977334;0,742857143;0,329811734;7;4696
4;19;17;0,1;0,443977334;0,742857143;0,329811734;7;4696
4;19;16;0,1;0,443977334;0,742857143;0,329811734;7;4696
4;19;15;0,1;0,443977334;0,742857143;0,329811734;7;4696
2;19;13;0,3;0,432494485;0,7625;0,329777045;8;4516
2;18;14;0,3;0,419669608;0,785714286;0,329740406;7;4708
2;18;12;0,3;0,419669608;0,785714286;0,329740406;7;4708
4;10;19;0,5;0,393384522;0,833333333;0,327820435;6;4721
2;16;18;0,3;0,462132258;0,7;0,323492581;10;4449
3;15;14;0,5;0,417085793;0,771428571;0,321751898;7;4709
2;18;10;0,3;0,476587385;0,675;0,321696485;8;4708
2;18;13;0,3;0,408395403;0,785714286;0,320882103;7;4708
4;18;17;0,3;0,389825227;0,814285714;0,317429114;7;4517
4;18;16;0,3;0,389825227;0,814285714;0,317429114;7;4517
4;18;18;0,3;0,389825227;0,814285714;0,317429114;7;4517
4;18;15;0,3;0,389825227;0,814285714;0,317429114;7;4517
4;11;19;0,5;0,38749363;0,816666667;0,316453131;6;4721
4;11;16;0,5;0,38749363;0,816666667;0,316453131;6;4721
4;11;15;0,5;0,38749363;0,816666667;0,316453131;6;4721
4;11;18;0,5;0,38749363;0,816666667;0,316453131;6;4721
4;11;17;0,5;0,38749363;0,816666667;0,316453131;6;4721
2;18;19;0,1;0,442843131;0,7125;0,315525731;8;4514
3;18;19;0,1;0,43504893;0,725;0,315410474;8;4518
3;19;11;0,3;0,403340286;0,775;0,312588722;8;4703
3;19;10;0,3;0,403340286;0,775;0,312588722;8;4703
4;12;19;0,5;0,403850854;0,771428571;0,311542087;7;4709
4;12;18;0,5;0,403850854;0,771428571;0,311542087;7;4709
4;18;11;0,3;0,407639961;0,7625;0,31082547;8;4704
4;18;10;0,3;0,407639961;0,7625;0,31082547;8;4704
2;19;17;0,1;0,395709816;0,783333333;0,309972689;6;4730
2;19;18;0,1;0,395709816;0,783333333;0,309972689;6;4730
2;19;19;0,1;0,395709816;0,783333333;0,309972689;6;4730
2;19;16;0,1;0,395709816;0,783333333;0,309972689;6;4730
4;18;12;0,3;0,391867755;0,785714286;0,307896093;7;4716
3;19;14;0,3;0,391867755;0,785714286;0,307896093;7;4715
3;19;12;0,3;0,391867755;0,785714286;0,307896093;7;4715
4;18;13;0,3;0,391867755;0,785714286;0,307896093;7;4716
3;19;13;0,3;0,391867755;0,785714286;0,307896093;7;4715
2;18;11;0,5;0,408360367;0,75;0,306270275;8;4692
3;18;16;0,3;0,374594201;0,816666667;0,305918597;6;4696
3;18;17;0,3;0,374594201;0,816666667;0,305918597;6;4696
3;18;15;0,3;0,374594201;0,816666667;0,305918597;6;4696
3;19;16;0,1;0,43441066;0,7;0,304087462;8;4518
3;19;15;0,1;0,43441066;0,7;0,304087462;8;4518
3;18;19;0,3;0,441563488;0,6875;0,303574898;8;4515
3;18;18;0,3;0,441563488;0,6875;0,303574898;8;4514
4;18;10;0,1;0,408834952;0,74137931;0,303101775;58;350
2;19;11;0,3;0,400150964;0,75;0,300113223;8;4696
3;16;13;0,1;0,39308357;0,759090909;0,298386165;44;376
2;12;15;0,5;0,434307603;0,685714286;0,297810928;7;4708
2;12;16;0,5;0,434307603;0,685714286;0,297810928;7;4708
2;12;19;0,5;0,434307603;0,685714286;0,297810928;7;4708
2;12;18;0,5;0,434307603;0,685714286;0,297810928;7;4708
2;12;17;0,5;0,434307603;0,685714286;0,297810928;7;4708
3;16;17;0,5;0,378672182;0,783333333;0,296626542;6;4709
2;11;13;0,1;0,462702621;0,638235294;0,295313143;34;2957
3;18;18;0,5;0,368954323;0,8;0,295163458;6;4707
3;18;17;0,5;0,368954323;0,8;0,295163458;6;4707
3;18;16;0,5;0,368954323;0,8;0,295163458;6;4708
3;18;15;0,5;0,368954323;0,8;0,295163458;6;4708
2;18;18;0,5;0,368954323;0,8;0,295163458;6;4708
2;18;16;0,5;0,368954323;0,8;0,295163458;6;4708
4;18;18;0,1;0,365893389;0,8;0,292714711;6;4715
4;18;16;0,1;0,365893389;0,8;0,292714711;6;4715
4;18;19;0,1;0,365893389;0,8;0,292714711;6;4715
4;18;17;0,1;0,365893389;0,8;0,292714711;6;4715
3;18;19;0,5;0,365320082;0,8;0,292256066;6;4706
4;16;16;0,1;0,424467708;0,6875;0,291821549;8;4688
4;16;18;0,1;0,424467708;0,6875;0,291821549;8;4688
4;16;19;0,1;0,424467708;0,6875;0,291821549;8;4688
4;16;17;0,1;0,424467708;0,6875;0,291821549;8;4688
4;18;14;0,3;0,430418929;0,677777778;0,291728385;9;4517
2;18;18;0,3;0,3636887;0,8;0,29095096;6;4708
2;18;17;0,3;0,3636887;0,8;0,29095096;6;4708
2;18;16;0,3;0,3636887;0,8;0,29095096;6;4708
2;18;15;0,3;0,3636887;0,8;0,29095096;6;4708
2;18;19;0,3;0,3636887;0,8;0,29095096;6;4708
3;18;13;0,3;0,435428966;0,666666667;0,290285978;9;4514
2;14;19;0,3;0,44559525;0,65;0,289636912;10;4430
3;15;17;0,1;0,445434316;0,65;0,289532306;10;4518
4;18;14;0,1;0,445434316;0,65;0,289532306;10;4516
3;15;18;0,1;0,445434316;0,65;0,289532306;10;4518
3;15;19;0,1;0,445434316;0,65;0,289532306;10;4518
3;16;11;0,1;0,381368092;0,754716981;0,287824975;53;380
2;13;19;0,3;0,428420449;0,671428571;0,28765373;7;4709
2;13;16;0,3;0,428420449;0,671428571;0,28765373;7;4709
2;13;17;0,3;0,428420449;0,671428571;0,28765373;7;4709
2;13;18;0,3;0,428420449;0,671428571;0,28765373;7;4709
4;10;13;0,1;0,407091794;0,706521739;0,287619202;46;406
4;19;11;0,5;0,410427715;0,7;0,2872994;8;4704
3;19;11;0,5;0,410427715;0,7;0,2872994;8;4704
4;18;11;0,5;0,410427715;0,7;0,2872994;8;4704
4;18;10;0,5;0,410427715;0,7;0,2872994;8;4704
4;19;10;0,3;0,410427715;0,7;0,2872994;8;4704
4;19;11;0,3;0,410427715;0,7;0,2872994;8;4704
3;19;10;0,5;0,410427715;0,7;0,2872994;8;4704
4;19;10;0,5;0,410427715;0,7;0,2872994;8;4704
3;16;16;0,5;0,366656233;0,783333333;0,287214049;6;4710
2;15;17;0,1;0,415637482;0,690909091;0,287167715;11;4384
2;18;17;0,5;0,358831592;0,8;0,287065273;6;4708
2;18;19;0,5;0,358831592;0,8;0,287065273;6;4708
3;18;14;0,1;0,428325065;0,67;0,286977793;10;4518
2;19;17;0,5;0,364698879;0,783333333;0,285680788;6;4715
2;19;16;0,5;0,364698879;0,783333333;0,285680788;6;4715
4;18;18;0,5;0,364698879;0,783333333;0,285680788;6;4716
4;18;19;0,5;0,364698879;0,783333333;0,285680788;6;4716
2;19;19;0,5;0,364698879;0,783333333;0,285680788;6;4715
4;18;19;0,3;0,364698879;0,783333333;0,285680788;6;4716
4;17;17;0,5;0,364698879;0,783333333;0,285680788;6;4716
3;17;19;0,5;0,364698879;0,783333333;0,285680788;6;4716
2;19;15;0,5;0,364698879;0,783333333;0,285680788;6;4715
4;15;19;0,5;0,364698879;0,783333333;0,285680788;6;4716
4;15;17;0,5;0,364698879;0,783333333;0,285680788;6;4716
4;15;18;0,5;0,364698879;0,783333333;0,285680788;6;4716
4;15;16;0,5;0,364698879;0,783333333;0,285680788;6;4716
4;18;15;0,5;0,364698879;0,783333333;0,285680788;6;4716
4;18;17;0,5;0,364698879;0,783333333;0,285680788;6;4716
4;17;19;0,5;0,364698879;0,783333333;0,285680788;6;4716
4;17;18;0,5;0,364698879;0,783333333;0,285680788;6;4716
4;18;16;0,5;0,364698879;0,783333333;0,285680788;6;4716
2;19;18;0,5;0,364698879;0,783333333;0,285680788;6;4715
3;19;17;0,3;0,372336196;0,766666667;0,28545775;6;4730
3;19;16;0,3;0,372336196;0,766666667;0,28545775;6;4730
3;19;18;0,3;0,372336196;0,766666667;0,28545775;6;4730
3;19;19;0,3;0,372336196;0,766666667;0,28545775;6;4730
3;19;15;0,3;0,372336196;0,766666667;0,28545775;6;4730
4;11;14;0,5;0,386672962;0,7375;0,28517131;8;4721
4;11;13;0,5;0,386672962;0,7375;0,28517131;8;4721
4;13;13;0,1;0,383204099;0,743902439;0,285066464;41;686
3;16;14;0,1;0,372079322;0,765116279;0,284683946;43;374
4;16;18;0,5;0,362742837;0,783333333;0,284148555;6;4709
4;16;16;0,5;0,362742837;0,783333333;0,284148555;6;4709
4;16;19;0,5;0,362742837;0,783333333;0,284148555;6;4709
4;16;17;0,5;0,362742837;0,783333333;0,284148555;6;4709
4;16;15;0,5;0,362742837;0,783333333;0,284148555;6;4709
3;11;17;0,5;0,362494189;0,783333333;0,283953782;6;4709
3;15;16;0,5;0,362494189;0,783333333;0,283953782;6;4709
3;15;15;0,5;0,362494189;0,783333333;0,283953782;6;4709
3;11;16;0,5;0,362494189;0,783333333;0,283953782;6;4709
3;12;16;0,5;0,362494189;0,783333333;0,283953782;6;4709
3;15;18;0,5;0,362494189;0,783333333;0,283953782;6;4709
3;15;17;0,5;0,362494189;0,783333333;0,283953782;6;4709
3;11;18;0,5;0,362494189;0,783333333;0,283953782;6;4709
3;15;19;0,5;0,362494189;0,783333333;0,283953782;6;4709
3;11;15;0,5;0,362494189;0,783333333;0,283953782;6;4709
3;11;19;0,5;0,362494189;0,783333333;0,283953782;6;4709
3;19;17;0,1;0,440694845;0,641666667;0,282779192;12;3980
3;19;19;0,1;0,440694845;0,641666667;0,282779192;12;3980
3;19;18;0,1;0,440694845;0,641666667;0,282779192;12;3980
4;13;15;0,1;0,381946272;0,738461538;0,282052632;39;715
2;15;16;0,5;0,394841054;0,714285714;0,282029324;7;4691
2;15;15;0,5;0,394841054;0,714285714;0,282029324;7;4691
2;15;17;0,5;0,394841054;0,714285714;0,282029324;7;4691
4;10;14;0,1;0,389886389;0,723255814;0,281987598;43;526
3;16;18;0,5;0,359811754;0,783333333;0,281852541;6;4709
3;16;19;0,5;0,359811754;0,783333333;0,281852541;6;4709
4;15;12;0,1;0,394124573;0,714583333;0,281634851;48;350
3;10;11;0,1;0,397094964;0,708196721;0,281221351;61;333
3;16;18;0,1;0,456160006;0,615384615;0,28071385;13;3960
2;19;10;0,5;0,393800942;0,7125;0,280583172;8;4703
2;19;11;0,5;0,393800942;0,7125;0,280583172;8;4703
4;13;14;0,1;0,381112509;0,735897436;0,280459718;39;671
3;13;11;0,1;0,377517669;0,742857143;0,280441697;63;360
3;18;15;0,1;0,427068858;0,655555556;0,279967362;9;4518
3;18;16;0,1;0,427068858;0,655555556;0,279967362;9;4518
3;18;18;0,1;0,427068858;0,655555556;0,279967362;9;4518
3;18;17;0,1;0,427068858;0,655555556;0,279967362;9;4518
4;15;11;0,1;0,403522257;0,692857143;0,279583278;56;367
3;16;17;0,1;0,459317725;0,607692308;0,279123848;13;3962
4;19;15;0,5;0,348705329;0,8;0,278964263;6;4716
4;19;17;0,5;0,348705329;0,8;0,278964263;6;4716
4;19;18;0,5;0,348705329;0,8;0,278964263;6;4716
4;19;16;0,5;0,348705329;0,8;0,278964263;6;4716
3;19;18;0,5;0,348705329;0,8;0,278964263;6;4716
3;19;17;0,5;0,348705329;0,8;0,278964263;6;4716
4;19;19;0,5;0,348705329;0,8;0,278964263;6;4716
3;19;15;0,5;0,348705329;0,8;0,278964263;6;4716
3;19;19;0,5;0,348705329;0,8;0,278964263;6;4716
3;19;16;0,5;0,348705329;0,8;0,278964263;6;4716
4;19;19;0,1;0,348705329;0,8;0,278964263;6;4715
4;10;12;0,1;0,395888228;0,703921569;0,278674262;51;402
4;13;10;0,1;0,39984517;0,696923077;0,278661326;65;376
3;19;14;0,1;0,442131749;0,63;0,278543002;10;4518
3;19;12;0,1;0,442131749;0,63;0,278543002;10;4518
3;19;13;0,1;0,442131749;0,63;0,278543002;10;4518
4;14;15;0,3;0,412407218;0,675;0,278374872;8;4696
2;19;14;0,5;0,381646075;0,728571429;0,278056426;7;4715
2;19;12;0,5;0,381646075;0,728571429;0,278056426;7;4715
2;19;12;0,3;0,381646075;0,728571429;0,278056426;7;4715
2;19;14;0,3;0,381646075;0,728571429;0,278056426;7;4715
2;19;13;0,5;0,381646075;0,728571429;0,278056426;7;4715
3;13;16;0,5;0,422861323;0,657142857;0,277880298;7;4724
3;13;17;0,5;0,422861323;0,657142857;0,277880298;7;4724
3;13;18;0,5;0,422861323;0,657142857;0,277880298;7;4724
3;13;15;0,5;0,422861323;0,657142857;0,277880298;7;4724
3;13;19;0,5;0,422861323;0,657142857;0,277880298;7;4724
3;19;11;0,1;0,430092956;0,645454545;0,277605454;11;4518
4;10;19;0,3;0,402247583;0,685714286;0,275826914;7;4721
4;10;17;0,5;0,402247583;0,685714286;0,275826914;7;4721
4;10;16;0,5;0,402247583;0,685714286;0,275826914;7;4721
4;10;18;0,5;0,402247583;0,685714286;0,275826914;7;4721
2;18;15;0,5;0,337487073;0,816666667;0,275614443;6;4708
3;12;14;0,1;0,378732944;0,726666667;0,275212606;45;639
4;10;15;0,1;0,374733369;0,734146341;0,275109132;41;408
4;14;11;0,1;0,394636239;0,696666667;0,274929913;60;337
2;10;16;0,5;0,400493907;0,685714286;0,274624394;7;4720
2;10;18;0,5;0,400493907;0,685714286;0,274624394;7;4720
2;10;19;0,5;0,400493907;0,685714286;0,274624394;7;4720
2;10;17;0,5;0,400493907;0,685714286;0,274624394;7;4720
3;12;13;0,1;0,381145197;0,720408163;0,274580111;49;539
4;17;10;0,1;0,379689327;0,72295082;0,27449671;61;383
4;13;11;0,1;0,380254819;0,720338983;0,27391237;59;369
4;12;11;0,1;0,393891271;0,695238095;0,273848217;63;346
4;11;12;0,5;0,369697384;0,7375;0,27265182;8;4721
2;15;17;0,3;0,38915111;0,7;0,272405777;7;4708
2;14;16;0,5;0,38915111;0,7;0,272405777;7;4708
2;14;19;0,5;0,38915111;0,7;0,272405777;7;4708
2;14;18;0,5;0,38915111;0,7;0,272405777;7;4708
2;14;17;0,5;0,38915111;0,7;0,272405777;7;4708
2;15;16;0,3;0,38915111;0,7;0,272405777;7;4708
2;15;18;0,3;0,38915111;0,7;0,272405777;7;4708
2;15;19;0,3;0,38915111;0,7;0,272405777;7;4708
4;17;10;0,5;0,394438268;0,688888889;0,27172414;9;4689
3;19;13;0,5;0,404346837;0,671428571;0,271490019;7;4716
3;19;12;0,5;0,404346837;0,671428571;0,271490019;7;4716
3;19;14;0,5;0,404346837;0,671428571;0,271490019;7;4716
4;19;14;0,3;0,404346837;0,671428571;0,271490019;7;4716
4;19;13;0,5;0,404346837;0,671428571;0,271490019;7;4716
4;19;12;0,3;0,404346837;0,671428571;0,271490019;7;4716
4;16;14;0,5;0,404346837;0,671428571;0,271490019;7;4709
4;16;11;0,5;0,404346837;0,671428571;0,271490019;7;4709
4;18;12;0,5;0,404346837;0,671428571;0,271490019;7;4716
4;19;13;0,3;0,404346837;0,671428571;0,271490019;7;4716
4;19;12;0,5;0,404346837;0,671428571;0,271490019;7;4716
4;19;14;0,5;0,404346837;0,671428571;0,271490019;7;4716
4;18;13;0,5;0,404346837;0,671428571;0,271490019;7;4716
4;18;14;0,5;0,404346837;0,671428571;0,271490019;7;4716
4;16;12;0,5;0,404346837;0,671428571;0,271490019;7;4709
4;16;13;0,5;0,404346837;0,671428571;0,271490019;7;4709
3;11;11;0,1;0,389525686;0,696875;0,271450713;64;402
3;13;12;0,1;0,37572521;0,72244898;0,271442295;49;370
4;17;11;0,1;0,380673215;0,712962963;0,271405903;54;353
4;10;11;0,1;0,389113394;0,696491228;0,271014066;57;412
4;19;11;0,1;0,372136444;0,728;0,270915331;50;355
4;14;16;0,1;0,461966354;0,585714286;0,270580293;14;3969
3;11;10;0,1;0,384569513;0,702898551;0,270313353;69;449
4;15;10;0,1;0,383147302;0,70483871;0,27005705;62;337
3;13;13;0,1;0,364101307;0,740425532;0,269589904;47;352
2;17;12;0,3;0,414273266;0,65;0,269277623;10;4694
2;17;11;0,3;0,414273266;0,65;0,269277623;10;4694
2;11;17;0,1;0,475061718;0,566666667;0,26920164;15;3905
2;11;18;0,1;0,475061718;0,566666667;0,26920164;15;3897
2;14;19;0,1;0,38875222;0,691666667;0,268886952;24;2776
3;17;16;0,3;0,413280495;0,65;0,268632322;8;4715
3;18;13;0,1;0,434304816;0,618181818;0,268479341;11;4518
4;18;12;0,1;0,440451042;0,609090909;0,268274725;11;4516
2;19;11;0,1;0,37480189;0,715492958;0,268168113;71;227
4;12;10;0,1;0,3951214;0,678378378;0,268041815;74;324
2;15;18;0,5;0,382582157;0,7;0,26780751;7;4690
2;15;19;0,5;0,382582157;0,7;0,26780751;7;4690
2;18;10;0,1;0,435060809;0,615384615;0,267729729;39;3069
3;16;12;0,1;0,357123883;0,749019608;0,267492791;51;380
3;16;19;0,1;0,445790849;0,6;0,267474509;13;3962
3;15;10;0,1;0,382082032;0,7;0,267457422;68;347
2;11;12;0,1;0,509056705;0,525;0,26725477;16;4061
2;13;14;0,1;0,463003278;0,576923077;0,267117276;13;4481
4;14;17;0,1;0,455928294;0,585714286;0,267043715;14;3965
4;10;10;0,1;0,389551227;0,684848485;0,266783567;66;439
4;14;16;0,3;0,402502055;0,6625;0,266657611;8;4696
4;14;17;0,3;0,402502055;0,6625;0,266657611;8;4696
3;13;14;0,1;0,357909003;0,744186047;0,266350886;43;208
2;11;15;0,1;0,477472494;0,557142857;0,26602039;14;4050
2;11;16;0,1;0,477472494;0,557142857;0,26602039;14;4049
4;15;13;0,1;0,358478719;0,740909091;0,265600142;44;355
2;12;14;0,1;0,38107384;0,694871795;0,264797463;39;2056
4;13;12;0,1;0,36922174;0,716666667;0,264608914;48;716
3;10;12;0,1;0,36892005;0,716666667;0,264392703;54;338
4;11;11;0,1;0,388477674;0,679661017;0,264033131;59;468
4;11;13;0,1;0,387982535;0,680434783;0,263996812;46;350
4;19;14;0,1;0,398235545;0,6625;0,263831048;8;4696
2;18;11;0,1;0,364657091;0,722807018;0,263576705;57;364
4;14;18;0,1;0,467050436;0,564285714;0,263549889;14;3960
2;15;14;0,1;0,344049721;0,766;0,263542086;50;399
2;19;12;0,1;0,428595147;0,614285714;0,263279876;28;3275
4;14;19;0,1;0,472385041;0,557142857;0,263185951;14;3959
2;12;13;0,1;0,395551981;0,664285714;0,26275953;42;2139
4;11;12;0,1;0,384502616;0,683333333;0,262743454;48;446
4;16;18;0,3;0,399586489;0,657142857;0,262585407;7;4716
4;16;17;0,3;0,399586489;0,657142857;0,262585407;7;4716
4;16;19;0,3;0,399586489;0,657142857;0,262585407;7;4716
2;16;17;0,5;0,382701927;0,685714286;0,262424178;7;4689
2;16;19;0,5;0,382701927;0,685714286;0,262424178;7;4689
2;16;16;0,5;0,382701927;0,685714286;0,262424178;7;4689
2;16;18;0,5;0,382701927;0,685714286;0,262424178;7;4689
4;11;19;0,1;0,371100521;0,707142857;0,262421083;28;651
3;13;10;0,1;0,369444349;0,709333333;0,262059191;75;325
2;14;14;0,1;0,415013682;0,63;0,261458619;30;2837
4;17;13;0,1;0,361113371;0,723809524;0,261377297;42;358
2;15;15;0,1;0,419183342;0,622727273;0,261036899;22;3498
4;10;16;0,1;0,36306087;0,718918919;0,261011328;37;439
2;12;11;0,1;0,338132686;0,771794872;0,260969073;78;381
3;12;12;0,1;0,416864713;0,625581395;0,260782809;43;2013
3;10;10;0,1;0,375134184;0,694029851;0,260354321;67;328
3;12;15;0,1;0,357576217;0,727777778;0,260236024;36;658
4;11;19;0,3;0,387383053;0,671428571;0,26010005;7;4708
2;11;19;0,1;0,39357203;0,66;0,25975754;25;2908
4;10;17;0,1;0,363373829;0,714285714;0,259552735;35;473
3;17;17;0,3;0,399206049;0,65;0,259483932;8;4715
3;17;19;0,3;0,399206049;0,65;0,259483932;8;4715
3;17;18;0,3;0,399206049;0,65;0,259483932;8;4715
2;19;10;0,1;0,376111199;0,688405797;0,25891713;69;411
2;15;16;0,1;0,469466053;0,55;0,258206329;12;4398
4;17;14;0,1;0,354898632;0,726829268;0,257950713;41;380
3;10;13;0,1;0,358373777;0,719607843;0,257888581;51;349
2;10;15;0,3;0,382034893;0,675;0,257873553;8;4720
2;12;12;0,1;0,335051495;0,769444444;0,257803512;72;381
3;17;13;0,1;0,329881493;0,781395349;0,257767864;43;337
4;13;18;0,1;0,354268445;0,727272727;0,257649778;33;671
3;11;12;0,1;0,358216962;0,718965517;0,257545643;58;390
3;14;18;0,3;0,388648073;0,6625;0,257479348;8;4708
3;14;16;0,3;0,388648073;0,6625;0,257479348;8;4708
3;14;15;0,3;0,388648073;0,6625;0,257479348;8;4708
2;10;10;0,5;0,418298425;0,615384615;0,257414416;13;4659
3;13;19;0,3;0,383147755;0,671428571;0,25725635;7;4709
3;12;17;0,5;0,383147755;0,671428571;0,25725635;7;4709
3;12;18;0,5;0,383147755;0,671428571;0,25725635;7;4709
4;15;18;0,1;0,383147755;0,671428571;0,25725635;7;4709
3;13;15;0,3;0,383147755;0,671428571;0,25725635;7;4709
3;13;16;0,3;0,383147755;0,671428571;0,25725635;7;4709
3;13;17;0,3;0,383147755;0,671428571;0,25725635;7;4709
3;13;18;0,3;0,383147755;0,671428571;0,25725635;7;4709
4;15;16;0,1;0,383147755;0,671428571;0,25725635;7;4709
4;15;17;0,1;0,383147755;0,671428571;0,25725635;7;4709
4;15;19;0,1;0,383147755;0,671428571;0,25725635;7;4709
3;12;19;0,5;0,383147755;0,671428571;0,25725635;7;4709
4;14;13;0,1;0,3490688;0,736956522;0,257248528;46;336
2;14;10;0,5;0,409963639;0,627272727;0,25715901;11;4695
3;17;15;0,3;0,395597933;0,65;0,257138656;8;4715
2;12;19;0,3;0,382465247;0,671428571;0,256798094;7;4696
2;14;11;0,1;0,377562717;0,67826087;0,256086017;69;323
2;15;13;0,1;0,325477077;0,78490566;0,2554688;53;331
2;17;15;0,5;0,388591357;0,657142857;0,255360035;7;4752
2;16;19;0,1;0,417599512;0,611111111;0,255199701;9;4517
2;16;18;0,1;0,417599512;0,611111111;0,255199701;9;4517
2;14;18;0,3;0,407953942;0,625;0,254971214;8;4707
4;19;13;0,1;0,424646736;0,6;0,254788041;11;4518
2;14;17;0,1;0,383403219;0,664;0,254579737;25;2824
3;10;14;0,1;0,365141715;0,695833333;0,254077777;48;362
2;14;10;0,1;0,351388048;0,722891566;0,254015457;83;343
2;14;18;0,1;0,38248893;0,664;0,25397265;25;2805
3;18;12;0,3;0,41396694;0,6125;0,253554751;8;4696
2;18;10;0,5;0,400310666;0,633333333;0,253530089;9;4693
4;13;17;0,1;0,343895836;0,737142857;0,253500359;35;699
3;16;10;0,1;0,371814303;0,680952381;0,253187835;63;395
3;18;10;0,1;0,456610861;0,553846154;0,252892169;13;4518
3;18;11;0,1;0,456610861;0,553846154;0,252892169;13;4518
4;14;10;0,1;0,390321351;0,647761194;0,252835025;67;326
3;16;16;0,1;0,443451766;0,57;0,252767506;10;4518
3;14;16;0,1;0,428337227;0,59;0,252718964;10;4517
3;14;15;0,1;0,428337227;0,59;0,252718964;10;4517
3;14;17;0,1;0,428337227;0,59;0,252718964;10;4517
3;14;18;0,1;0,428337227;0,59;0,252718964;10;4517
3;14;19;0,1;0,428337227;0,59;0,252718964;10;4517
2;14;13;0,1;0,338547102;0,746153846;0,252608222;52;331
2;19;10;0,3;0,398314253;0,633333333;0,252265694;9;4696
4;14;14;0,1;0,452953603;0,55625;0,251955442;16;3973
3;13;15;0,1;0,333154346;0,755;0,251531531;40;198
4;13;16;0,1;0,439036443;0,572727273;0,251448144;11;4528
3;14;17;0,3;0,394167182;0,6375;0,251281578;8;4708
4;11;14;0,1;0,365451565;0,686046512;0,250716772;43;383
2;12;10;0,1;0,340664256;0,735106383;0,250424469;94;203
4;11;10;0,1;0,374053779;0,669354839;0,250374707;62;466
3;14;11;0,1;0,377657275;0,6625;0,250197945;64;312
3;10;15;0,1;0,341749064;0,731818182;0,250098179;44;487
3;16;15;0,1;0,328966366;0,76;0,250014438;40;374
3;12;11;0,1;0,391423264;0,638461538;0,249908699;65;507
2;14;16;0,1;0,33209201;0,751219512;0,249473998;41;343
4;11;11;0,5;0,372311742;0,67;0,249448867;10;4675
2;12;11;0,3;0,474825372;0,525;0,24928332;16;4422
2;14;17;0,3;0,398778602;0,625;0,249236627;8;4707
2;14;16;0,3;0,398778602;0,625;0,249236627;8;4707
2;11;14;0,1;0,428539347;0,581578947;0,249229462;38;2924
2;13;15;0,1;0,420388598;0,591666667;0,248729921;12;4481
2;13;19;0,1;0,420388598;0,591666667;0,248729921;12;4480
2;13;16;0,1;0,420388598;0,591666667;0,248729921;12;4481
4;17;11;0,5;0,382440618;0,65;0,248586402;10;4689
4;17;11;0,3;0,382440618;0,65;0,248586402;10;4697
3;19;10;0,1;0,41972999;0,591666667;0,248340244;12;4518
2;12;16;0,1;0,422948314;0,586956522;0,248252271;23;3228
4;11;16;0,1;0,354511821;0,7;0,248158274;36;613
2;18;11;0,3;0,413253461;0,6;0,247952077;8;4708
3;13;14;0,5;0,413253461;0,6;0,247952077;8;4709
4;12;16;0,5;0,413253461;0,6;0,247952077;8;4709
4;12;15;0,5;0,413253461;0,6;0,247952077;8;4709
4;12;17;0,5;0,413253461;0,6;0,247952077;8;4709
2;16;17;0,1;0,410809141;0,6;0,246485485;9;4525
4;14;12;0,1;0,375762341;0,655769231;0,246413382;52;569
2;17;16;0,5;0,382648072;0,642857143;0,245988047;7;4752
4;16;14;0,1;0,431542726;0,57;0,245979354;10;4688
4;16;13;0,1;0,431542726;0,57;0,245979354;10;4688
4;16;12;0,1;0,431542726;0,57;0,245979354;10;4688
2;18;14;0,1;0,36577381;0,672413793;0,245951355;29;2848
3;18;11;0,3;0,387763887;0,633333333;0,245583795;9;4696
3;18;10;0,3;0,387763887;0,633333333;0,245583795;9;4696
2;18;12;0,1;0,352620612;0,695;0,245071325;40;2214
2;13;18;0,1;0,413597868;0,591666667;0,244712072;12;4481
2;13;17;0,1;0,413597868;0,591666667;0,244712072;12;4481
4;13;19;0,1;0,407776474;0,6;0,244665884;8;4709
2;18;13;0,1;0,370172118;0,660714286;0,244578007;28;3054
3;18;12;0,1;0,42375453;0,575;0,243658855;12;4518
4;17;17;0,1;0,427025913;0,57;0,24340477;10;4518
4;17;18;0,1;0,427025913;0,57;0,24340477;10;4518
4;17;16;0,1;0,427025913;0,57;0,24340477;10;4518
4;17;15;0,1;0,427025913;0,57;0,24340477;10;4518
2;17;11;0,1;0,334538171;0,72739726;0,243342149;73;265
3;17;11;0,3;0,391748361;0,62;0,242883984;10;4696
3;12;16;0,1;0,365788832;0,662857143;0,24246574;35;643
2;10;15;0,5;0,387883385;0,625;0,242427115;8;4720
3;16;10;0,5;0,410790077;0,59;0,242366146;10;4697
3;16;11;0,5;0,410790077;0,59;0,242366146;10;4697
2;10;19;0,3;0,379281276;0,6375;0,241791814;8;4720
2;11;11;0,3;0,408174424;0,592307692;0,241764851;13;4622
3;17;12;0,1;0,428936278;0,563636364;0,241764084;11;4518
4;13;15;0,5;0,402733067;0,6;0,24163984;8;4709
4;13;16;0,5;0,402733067;0,6;0,24163984;8;4709
4;13;17;0,3;0,402733067;0,6;0,24163984;8;4709
4;13;19;0,3;0,402733067;0,6;0,24163984;8;4709
4;13;18;0,3;0,402733067;0,6;0,24163984;8;4709
2;14;15;0,1;0,350708762;0,688888889;0,241599369;27;2835
3;16;11;0,3;0,416422192;0,58;0,241524872;10;4697
2;14;15;0,5;0,394267808;0,6125;0,241489032;8;4708
2;10;15;0,1;0,474864184;0,507692308;0,241084894;13;4442
4;14;15;0,1;0,457504122;0,526666667;0,240952171;15;3966
2;15;14;0,5;0,41001124;0,5875;0,240881603;8;4693
2;15;11;0,1;0,422530786;0,56969697;0,240714508;33;3250
2;14;12;0,1;0,349691801;0,687931034;0,240563842;58;332
3;11;13;0,1;0,480624738;0,5;0,240312369;17;3994
4;18;13;0,1;0,408466649;0,5875;0,239974157;8;4715
2;16;19;0,3;0,408466649;0,5875;0,239974157;8;4716
2;16;17;0,3;0,408466649;0,5875;0,239974157;8;4716
2;13;13;0,5;0,408466649;0,5875;0,239974157;8;4716
2;13;14;0,5;0,408466649;0,5875;0,239974157;8;4716
2;11;14;0,5;0,408466649;0,5875;0,239974157;8;4709
4;16;15;0,3;0,399946122;0,6;0,239967673;9;4519
4;16;16;0,3;0,399946122;0,6;0,239967673;9;4519
2;17;18;0,5;0,351073925;0,683333333;0,239900516;6;4752
2;17;19;0,5;0,351073925;0,683333333;0,239900516;6;4752
2;17;17;0,5;0,351073925;0,683333333;0,239900516;6;4752
3;17;15;0,1;0,424594105;0,563636364;0,239316677;11;4518
3;17;14;0,1;0,424594105;0,563636364;0,239316677;11;4518
4;16;13;0,3;0,427001902;0,56;0,239121065;10;4519
3;15;15;0,1;0,427001902;0,56;0,239121065;10;4518
2;10;17;0,1;0,447946043;0,533333333;0,238904556;12;4434
3;10;19;0,5;0,38184795;0,625;0,238654968;8;4721
3;10;17;0,5;0,38184795;0,625;0,238654968;8;4721
3;10;18;0,5;0,38184795;0,625;0,238654968;8;4721
2;19;15;0,1;0,366269054;0,65;0,238074885;26;3152
2;12;17;0,1;0,402331944;0,591304348;0,237900628;23;3217
2;12;15;0,1;0,352430425;0,675;0,237890537;36;1890
2;14;15;0,3;0,388385816;0,6125;0,237886312;8;4707
2;17;16;0,3;0,3876553;0,6125;0,237438871;8;4704
3;12;19;0,1;0,347623658;0,681818182;0,237016131;33;353
2;10;11;0,1;0,356097853;0,665384615;0,236942033;78;216
2;10;19;0,1;0,450420535;0,525;0,236470781;12;4434
2;10;18;0,1;0,450420535;0,525;0,236470781;12;4434
2;10;12;0,3;0,399148273;0,592307692;0,236418592;13;4651
3;17;16;0,1;0,356248493;0,663157895;0,236249;38;369
3;10;18;0,3;0,385456066;0,6125;0,23609184;8;4721
4;10;16;0,3;0,385456066;0,6125;0,23609184;8;4721
3;10;19;0,3;0,385456066;0,6125;0,23609184;8;4721
3;10;17;0,3;0,385456066;0,6125;0,23609184;8;4721
2;16;10;0,5;0,413828416;0,57;0,235882197;10;4689
2;16;11;0,5;0,413828416;0,57;0,235882197;10;4689
2;18;16;0,1;0,361736284;0,652;0,235852057;25;2874
4;11;15;0,1;0,337648421;0,6975;0,235509773;40;369
2;13;12;0,3;0,404344478;0,581818182;0,235254969;11;4664
3;12;10;0,1;0,374966096;0,626666667;0,234978754;75;218
2;19;14;0,1;0,399960812;0,5875;0,234976977;8;4715
2;19;13;0,1;0,399960812;0,5875;0,234976977;8;4715
2;10;16;0,3;0,375563489;0,625;0,23472718;8;4720
2;10;17;0,3;0,375563489;0,625;0,23472718;8;4720
2;10;18;0,3;0,375563489;0,625;0,23472718;8;4720
3;14;10;0,1;0,39033656;0,601298701;0,234708867;77;247
3;17;11;0,1;0,44356052;0,528571429;0,234453418;14;4518
3;11;14;0,1;0,427868099;0,546666667;0,233901228;15;3997
3;14;14;0,5;0,397811188;0,5875;0,233714073;8;4708
4;14;14;0,5;0,397811188;0,5875;0,233714073;8;4715
4;15;14;0,5;0,397811188;0,5875;0,233714073;8;4716
3;10;16;0,5;0,389358997;0,6;0,233615398;8;4721
2;10;10;0,1;0,348299767;0,664835165;0,231561933;91;220
2;11;10;0,1;0,344115139;0,672340426;0,231362519;94;223
2;16;11;0,1;0,347786823;0,665151515;0,231330932;66;708
2;11;11;0,1;0,401820717;0,573913043;0,23061015;46;2992
4;17;17;0,3;0,391372257;0,588888889;0,230474773;9;4517
4;16;11;0,3;0,403811725;0,57;0,230172683;10;4704
4;16;10;0,3;0,403811725;0,57;0,230172683;10;4704
2;12;19;0,1;0,391194104;0,585714286;0,229127975;21;3185
3;15;11;0,3;0,4003227;0,57;0,228183939;10;4697
4;15;10;0,3;0,4003227;0,57;0,228183939;10;4696
4;15;11;0,3;0,4003227;0,57;0,228183939;10;4696
2;10;16;0,1;0,470517953;0,484615385;0,228020239;13;4434
3;12;17;0,1;0,33494797;0,68;0,227764619;35;643
2;17;10;0,5;0,406213705;0,56;0,227479675;10;4740
2;17;17;0,3;0,370658862;0,6125;0,227028553;8;4704
2;17;15;0,3;0,370658862;0,6125;0,227028553;8;4705
2;11;16;0,5;0,369116349;0,614285714;0,2267429;7;4709
2;11;15;0,5;0,369116349;0,614285714;0,2267429;7;4709
4;17;18;0,3;0,384581886;0,588888889;0,226476;9;4517
2;13;15;0,5;0,386032078;0,585714286;0,226104503;7;4716
4;18;15;0,1;0,386032078;0,585714286;0,226104503;7;4715
2;13;18;0,5;0,386032078;0,585714286;0,226104503;7;4716
2;13;16;0,5;0,386032078;0,585714286;0,226104503;7;4716
2;13;17;0,5;0,386032078;0,585714286;0,226104503;7;4716
2;13;19;0,5;0,386032078;0,585714286;0,226104503;7;4716
2;16;10;0,1;0,314745502;0,718181818;0,226044497;88;203
3;14;12;0,1;0,451674476;0,5;0,225837238;14;4517
4;10;19;0,1;0,434046458;0,52;0,225704158;15;4037
3;12;19;0,3;0,368377321;0,6125;0,225631109;8;4714
2;16;16;0,1;0,417804006;0,54;0,225614163;10;4525
2;16;15;0,1;0,417804006;0,54;0,225614163;10;4525
2;14;11;0,5;0,411940375;0,546666667;0,225194072;15;4469
2;11;17;0,5;0,375096474;0,6;0,225057885;7;4709
2;11;18;0,5;0,375096474;0,6;0,225057885;7;4709
2;10;12;0,1;0,348578062;0,643939394;0,224463146;66;638
4;10;17;0,3;0,381553135;0,5875;0,224162467;8;4721
4;10;18;0,3;0,381553135;0,5875;0,224162467;8;4721
2;17;18;0,3;0,364641085;0,6125;0,223342664;8;4704
2;17;19;0,3;0,364641085;0,6125;0,223342664;8;4704
2;12;18;0,1;0,394940065;0,563636364;0,222602582;22;3216
4;18;11;0,1;0,396897176;0,56;0,222262418;10;4703
4;14;17;0,5;0,379391838;0,585714286;0,22221522;7;4715
4;15;15;0,5;0,379391838;0,585714286;0,22221522;7;4716
4;14;15;0,5;0,379391838;0,585714286;0,22221522;7;4715
4;14;19;0,5;0,379391838;0,585714286;0,22221522;7;4715
4;14;18;0,5;0,379391838;0,585714286;0,22221522;7;4715
4;17;16;0,5;0,379391838;0,585714286;0,22221522;7;4716
4;17;15;0,5;0,379391838;0,585714286;0,22221522;7;4716
3;17;18;0,5;0,379391838;0,585714286;0,22221522;7;4716
4;14;16;0,5;0,379391838;0,585714286;0,22221522;7;4715
3;17;16;0,5;0,379391838;0,585714286;0,22221522;7;4716
3;17;17;0,5;0,379391838;0,585714286;0,22221522;7;4716
4;11;18;0,1;0,355928667;0,622580645;0,221594299;31;620
2;13;11;0,1;0,418794012;0,527777778;0,221030173;36;3458
4;14;19;0,3;0,3770527;0,585714286;0,220845153;7;4696
4;14;18;0,3;0,3770527;0,585714286;0,220845153;7;4696
3;14;13;0,5;0,396748615;0,555555556;0,220415897;9;4708
3;15;19;0,3;0,375879768;0,585714286;0,22015815;7;4709
3;15;18;0,3;0,375879768;0,585714286;0,22015815;7;4709
3;15;17;0,3;0,375879768;0,585714286;0,22015815;7;4709
4;15;19;0,3;0,375879768;0,585714286;0,22015815;7;4709
4;15;16;0,3;0,375879768;0,585714286;0,22015815;7;4709
4;15;17;0,3;0,375879768;0,585714286;0,22015815;7;4709
4;15;18;0,3;0,375879768;0,585714286;0,22015815;7;4709
3;15;16;0,3;0,375879768;0,585714286;0,22015815;7;4709
2;11;19;0,5;0,375437601;0,585714286;0,219899167;7;4709
3;11;19;0,1;0,427888317;0,513333333;0,219649336;15;3998
4;14;10;0,5;0,395268553;0,555555556;0,219593641;9;4715
4;15;12;0,3;0,405172116;0,541666667;0,21946823;12;4515
4;19;12;0,1;0,386498631;0,566666667;0,219015891;9;4696
3;11;17;0,1;0,432205351;0,506666667;0,218984044;15;4002
3;11;15;0,1;0,43185354;0,506666667;0,218805793;15;4004
4;13;14;0,5;0,409647406;0,533333333;0,218478617;9;4709
4;13;11;0,3;0,409647406;0,533333333;0,218478617;9;4709
4;13;10;0,5;0,409647406;0,533333333;0,218478617;9;4709
4;13;15;0,3;0,409647406;0,533333333;0,218478617;9;4709
4;13;11;0,5;0,409647406;0,533333333;0,218478617;9;4709
4;13;14;0,3;0,409647406;0,533333333;0,218478617;9;4709
4;13;13;0,5;0,409647406;0,533333333;0,218478617;9;4709
4;13;12;0,3;0,409647406;0,533333333;0,218478617;9;4709
4;13;12;0,5;0,409647406;0,533333333;0,218478617;9;4709
4;13;10;0,3;0,409647406;0,533333333;0,218478617;9;4709
4;13;16;0,3;0,409647406;0,533333333;0,218478617;9;4709
4;13;13;0,3;0,409647406;0,533333333;0,218478617;9;4709
3;14;19;0,3;0,373002882;0,585714286;0,218473117;7;4708
3;13;11;0,5;0,412171414;0,53;0,21845085;10;4709
4;10;11;0,5;0,412171414;0,53;0,21845085;10;4721
3;13;12;0,5;0,412171414;0,53;0,21845085;10;4709
3;13;10;0,5;0,412171414;0,53;0,21845085;10;4709
4;10;12;0,5;0,412171414;0,53;0,21845085;10;4721
2;15;19;0,1;0,372867393;0,585714286;0,218393759;7;4715
2;15;18;0,1;0,372867393;0,585714286;0,218393759;7;4715
4;17;15;0,3;0,371108689;0,5875;0,218026355;8;4716
4;17;19;0,3;0,371108689;0,5875;0,218026355;8;4716
3;17;15;0,5;0,371108689;0,5875;0,218026355;8;4716
4;17;16;0,3;0,371108689;0,5875;0,218026355;8;4716
3;16;14;0,5;0,417153005;0,522222222;0,217846569;9;4710
3;16;13;0,5;0,416918487;0,522222222;0,217724099;9;4709
3;16;12;0,5;0,416918487;0,522222222;0,217724099;9;4710
3;14;14;0,3;0,391587084;0,555555556;0,21754838;9;4708
2;10;14;0,1;0,465417498;0,466666667;0,217194832;15;4443
3;10;10;0,3;0,381363357;0,569230769;0,217083757;13;4670
2;12;15;0,3;0,368913864;0,5875;0,216736895;8;4696
4;11;17;0,3;0,368913864;0,5875;0,216736895;8;4708
4;11;18;0,3;0,368913864;0,5875;0,216736895;8;4708
3;12;17;0,3;0,360738154;0,6;0,216442892;8;4714
3;12;18;0,3;0,360738154;0,6;0,216442892;8;4714
3;14;15;0,5;0,369239529;0,585714286;0,216268867;7;4708
4;12;19;0,3;0,369239529;0,585714286;0,216268867;7;4709
3;14;19;0,5;0,369239529;0,585714286;0,216268867;7;4708
3;14;18;0,5;0,369239529;0,585714286;0,216268867;7;4708
3;14;17;0,5;0,369239529;0,585714286;0,216268867;7;4708
3;14;16;0,5;0,369239529;0,585714286;0,216268867;7;4708
3;14;12;0,5;0,388986691;0,555555556;0,216103717;9;4708
3;14;11;0,5;0,388986691;0,555555556;0,216103717;9;4708
4;10;18;0,1;0,41999098;0,513333333;0,21559537;15;4040
2;16;12;0,1;0,444860965;0,484615385;0,215586468;13;4525
2;15;10;0,1;0,417738099;0,515909091;0,215514883;44;3172
3;12;18;0,1;0,408620673;0,527272727;0,215454537;11;4522
3;16;18;0,3;0,376622706;0,571428571;0,215212975;7;4716
3;16;19;0,3;0,376622706;0,571428571;0,215212975;7;4716
3;13;17;0,1;0,376622706;0,571428571;0,215212975;7;4709
3;13;18;0,1;0,376622706;0,571428571;0,215212975;7;4709
3;13;19;0,1;0,376622706;0,571428571;0,215212975;7;4709
2;16;14;0,1;0,407898241;0,527272727;0,215073618;11;4525
3;11;16;0,1;0,423607718;0,506666667;0,214627911;15;4003
2;17;13;0,5;0,410715526;0,522222222;0,214484775;9;4752
2;17;14;0,5;0,410715526;0,522222222;0,214484775;9;4752
2;17;12;0,5;0,410715526;0,522222222;0,214484775;9;4752
2;11;15;0,3;0,364990811;0,5875;0,214432101;8;4708
2;12;18;0,3;0,364990811;0,5875;0,214432101;8;4696
2;11;17;0,3;0,364990811;0,5875;0,214432101;8;4708
2;11;16;0,3;0,364990811;0,5875;0,214432101;8;4708
2;11;19;0,3;0,364990811;0,5875;0,214432101;8;4708
2;11;18;0,3;0,364990811;0,5875;0,214432101;8;4708
2;12;16;0,3;0,364990811;0,5875;0,214432101;8;4696
2;12;17;0,3;0,364990811;0,5875;0,214432101;8;4696
3;11;18;0,1;0,423183543;0,506666667;0,214412995;15;4007
2;11;12;0,3;0,414885842;0,516666667;0,214357685;12;4612
4;16;10;0,5;0,410260896;0,522222222;0,214247357;9;4709
4;16;14;0,3;0,410260896;0,522222222;0,214247357;9;4716
2;15;12;0,5;0,410260896;0,522222222;0,214247357;9;4694
2;13;10;0,5;0,410260896;0,522222222;0,214247357;9;4716
3;15;13;0,3;0,410260896;0,522222222;0,214247357;9;4709
3;15;12;0,3;0,410260896;0,522222222;0,214247357;9;4709
2;16;12;0,5;0,410260896;0,522222222;0,214247357;9;4690
2;15;13;0,3;0,410260896;0,522222222;0,214247357;9;4708
4;10;13;0,5;0,410260896;0,522222222;0,214247357;9;4721
4;16;12;0,3;0,410260896;0,522222222;0,214247357;9;4716
3;11;12;0,5;0,410260896;0,522222222;0,214247357;9;4709
3;11;14;0,5;0,410260896;0,522222222;0,214247357;9;4709
3;11;13;0,5;0,410260896;0,522222222;0,214247357;9;4709
3;11;11;0,5;0,410260896;0,522222222;0,214247357;9;4709
4;10;14;0,5;0,410260896;0,522222222;0,214247357;9;4721
3;13;14;0,3;0,410260896;0,522222222;0,214247357;9;4709
3;12;11;0,5;0,410260896;0,522222222;0,214247357;9;4709
3;13;13;0,5;0,410260896;0,522222222;0,214247357;9;4709
3;12;14;0,5;0,410260896;0,522222222;0,214247357;9;4709
3;12;12;0,5;0,410260896;0,522222222;0,214247357;9;4709
3;16;12;0,3;0,410260896;0,522222222;0,214247357;9;4716
3;16;13;0,3;0,410260896;0,522222222;0,214247357;9;4716
3;15;14;0,3;0,410260896;0,522222222;0,214247357;9;4709
4;15;14;0,1;0,410260896;0,522222222;0,214247357;9;4709
4;15;12;0,5;0,410260896;0,522222222;0,214247357;9;4716
4;15;14;0,3;0,410260896;0,522222222;0,214247357;9;4709
4;15;11;0,5;0,410260896;0,522222222;0,214247357;9;4716
2;12;14;0,5;0,410260896;0,522222222;0,214247357;9;4708
3;15;12;0,5;0,410260896;0,522222222;0,214247357;9;4709
4;15;13;0,3;0,410260896;0,522222222;0,214247357;9;4709
4;15;10;0,5;0,410260896;0,522222222;0,214247357;9;4716
3;12;13;0,5;0,410260896;0,522222222;0,214247357;9;4709
3;13;12;0,3;0,410260896;0,522222222;0,214247357;9;4709
3;13;13;0,3;0,410260896;0,522222222;0,214247357;9;4709
2;15;14;0,3;0,410260896;0,522222222;0,214247357;9;4708
2;13;14;0,3;0,410260896;0,522222222;0,214247357;9;4709
3;15;13;0,5;0,410260896;0,522222222;0,214247357;9;4709
3;15;10;0,5;0,410260896;0,522222222;0,214247357;9;4709
3;16;14;0,3;0,410260896;0,522222222;0,214247357;9;4716
2;16;14;0,5;0,410260896;0,522222222;0,214247357;9;4689
2;13;13;0,3;0,410260896;0,522222222;0,214247357;9;4709
2;16;13;0,5;0,410260896;0,522222222;0,214247357;9;4689
3;15;11;0,5;0,410260896;0,522222222;0,214247357;9;4709
4;12;12;0,5;0,410260896;0,522222222;0,214247357;9;4709
2;16;12;0,3;0,410260896;0,522222222;0,214247357;9;4716
2;16;13;0,3;0,410260896;0,522222222;0,214247357;9;4716
4;12;13;0,5;0,410260896;0,522222222;0,214247357;9;4709
2;13;11;0,5;0,410260896;0,522222222;0,214247357;9;4716
4;14;12;0,5;0,410260896;0,522222222;0,214247357;9;4715
4;14;11;0,5;0,410260896;0,522222222;0,214247357;9;4715
2;13;12;0,5;0,410260896;0,522222222;0,214247357;9;4716
2;16;14;0,3;0,410260896;0,522222222;0,214247357;9;4716
2;16;11;0,3;0,410260896;0,522222222;0,214247357;9;4716
2;15;13;0,5;0,410260896;0,522222222;0,214247357;9;4693
4;12;14;0,5;0,410260896;0,522222222;0,214247357;9;4709
4;15;13;0,5;0,410260896;0,522222222;0,214247357;9;4716
2;16;16;0,3;0,410260896;0,522222222;0,214247357;9;4716
2;16;15;0,3;0,410260896;0,522222222;0,214247357;9;4716
4;14;13;0,5;0,410260896;0,522222222;0,214247357;9;4715
2;17;15;0,1;0,357177232;0,597058824;0,213255818;34;2228
3;14;12;0,3;0,410827872;0,518181818;0,212883534;11;4695
3;14;11;0,3;0,410827872;0,518181818;0,212883534;11;4695
4;17;19;0,1;0,361866463;0,5875;0,212596547;8;4716
2;17;10;0,1;0,414754074;0,511904762;0,212314586;42;3130
4;16;10;0,1;0,415292738;0,509090909;0,211421757;11;4688
4;16;11;0,1;0,415292738;0,509090909;0,211421757;11;4688
2;13;12;0,1;0,308740717;0,684;0,21117865;75;152
2;15;12;0,1;0,407355256;0,518181818;0,211084087;11;4695
3;10;18;0,1;0,404251873;0,518181818;0,209475971;11;4516
3;10;16;0,1;0,404251873;0,518181818;0,209475971;11;4516
3;10;17;0,1;0,404251873;0,518181818;0,209475971;11;4516
2;17;13;0,3;0,376569876;0,555555556;0,209205486;9;4705
2;17;14;0,3;0,376569876;0,555555556;0,209205486;9;4706
4;17;12;0,5;0,376373999;0,555555556;0,209096666;9;4716
4;17;10;0,3;0,403099398;0,518181818;0,208878779;11;4697
3;17;10;0,3;0,403099398;0,518181818;0,208878779;11;4696
3;16;10;0,3;0,403099398;0,518181818;0,208878779;11;4697
4;12;16;0,3;0,354828056;0,5875;0,208461483;8;4709
4;12;17;0,3;0,354828056;0,5875;0,208461483;8;4709
4;12;18;0,3;0,354828056;0,5875;0,208461483;8;4709
2;10;13;0,1;0,42218196;0,493333333;0,208276434;15;4443
3;10;19;0,1;0,401413378;0,518181818;0,208005114;11;4516
3;15;10;0,3;0,40824948;0,509090909;0,207836099;11;4697
4;17;12;0,3;0,373897126;0,555555556;0,207720626;9;4716
3;17;18;0,1;0,373505044;0,555555556;0,207502802;9;4716
3;17;17;0,1;0,373505044;0,555555556;0,207502802;9;4716
3;17;19;0,1;0,373505044;0,555555556;0,207502802;9;4716
4;17;13;0,5;0,373505044;0,555555556;0,207502802;9;4716
4;17;13;0,3;0,373505044;0,555555556;0,207502802;9;4716
4;17;14;0,3;0,373505044;0,555555556;0,207502802;9;4716
4;17;14;0,5;0,373505044;0,555555556;0,207502802;9;4716
4;16;15;0,1;0,396468966;0,522222222;0,207044905;9;4688
4;12;19;0,1;0,414084436;0,5;0,207042218;11;4521
3;11;18;0,3;0,352139875;0,5875;0,206882177;8;4709
3;15;12;0,1;0,432142527;0,478571429;0,206811067;14;4518
2;11;13;0,5;0,37101108;0,555555556;0,206117267;9;4709
4;19;10;0,1;0,367959256;0,56;0,206057184;10;4696
2;13;10;0,3;0,400084251;0,515;0,206043389;40;3106
2;12;12;0,3;0,403672824;0,509090909;0,205506165;11;4695
2;15;10;0,5;0,403209258;0,509090909;0,205270168;11;4688
2;15;11;0,5;0,403209258;0,509090909;0,205270168;11;4688
2;15;10;0,3;0,403209258;0,509090909;0,205270168;11;4688
2;15;11;0,3;0,403209258;0,509090909;0,205270168;11;4688
4;12;13;0,1;0,447293156;0,457142857;0,204476871;14;4521
4;12;15;0,1;0,408528678;0,5;0,204264339;11;4521
3;17;14;0,5;0,366238532;0,555555556;0,203465851;9;4716
3;17;12;0,3;0,366238532;0,555555556;0,203465851;9;4715
3;17;14;0,3;0,366238532;0,555555556;0,203465851;9;4715
3;17;13;0,3;0,366238532;0,555555556;0,203465851;9;4715
2;10;14;0,3;0,391158787;0,52;0,203402569;10;4720
2;12;11;0,5;0,399416966;0,509090909;0,203339546;11;4696
2;12;10;0,5;0,399416966;0,509090909;0,203339546;11;4696
2;17;11;0,5;0,399416966;0,509090909;0,203339546;11;4692
2;18;15;0,1;0,334032013;0,607692308;0,202988685;26;2892
2;10;13;0,3;0,39003754;0,52;0,202819521;10;4720
3;17;12;0,5;0,36374665;0,555555556;0,202081472;9;4716
3;17;13;0,5;0,36374665;0,555555556;0,202081472;9;4716
3;17;11;0,5;0,36374665;0,555555556;0,202081472;9;4716
2;13;13;0,1;0,375577441;0,535483871;0,201115662;31;3404
4;12;12;0,1;0,446733671;0,45;0,201030152;14;4521
4;12;16;0,1;0,408528678;0,490909091;0,200550442;11;4521
4;12;18;0,1;0,408528678;0,490909091;0,200550442;11;4521
4;12;17;0,1;0,408528678;0,490909091;0,200550442;11;4521
2;13;10;0,1;0,36571984;0,545454545;0,199483549;55;2403
4;12;11;0,3;0,391427859;0,509090909;0,199272365;11;4697
4;14;10;0,3;0,391427859;0,509090909;0,199272365;11;4696
4;14;11;0,3;0,391427859;0,509090909;0,199272365;11;4696
3;11;19;0,3;0,344500708;0,575;0,198087907;8;4709
3;16;16;0,3;0,394272286;0,5;0,197136143;8;4716
3;16;17;0,3;0,394272286;0,5;0,197136143;8;4716
3;16;15;0,3;0,394272286;0,5;0,197136143;8;4716
3;12;10;0,5;0,410580017;0,48;0,197078408;10;4709
3;13;11;0,3;0,410580017;0,48;0,197078408;10;4709
3;13;10;0,3;0,410580017;0,48;0,197078408;10;4709
2;13;11;0,3;0,410580017;0,48;0,197078408;10;4709
2;12;14;0,3;0,393850418;0,5;0,196925209;10;4696
3;13;16;0,1;0,403581474;0,4875;0,196745968;8;4709
2;13;15;0,3;0,393085385;0,5;0,196542693;8;4709
3;14;13;0,3;0,392940953;0,5;0,196470476;10;4708
2;14;14;0,5;0,392587522;0,5;0,196293761;10;4708
4;14;13;0,3;0,392011852;0,5;0,196005926;10;4696
4;14;14;0,3;0,392011852;0,5;0,196005926;10;4696
2;14;13;0,3;0,391466275;0,5;0,195733138;10;4708
2;14;14;0,3;0,391466275;0,5;0,195733138;10;4708
4;14;12;0,3;0,38971455;0,5;0,194857275;10;4696
3;10;14;0,3;0,389168973;0,5;0,194584487;10;4721
3;10;10;0,5;0,389168973;0,5;0,194584487;10;4721
3;10;13;0,3;0,389168973;0,5;0,194584487;10;4721
3;10;12;0,5;0,389168973;0,5;0,194584487;10;4721
3;10;11;0,5;0,389168973;0,5;0,194584487;10;4721
3;10;13;0,5;0,389168973;0,5;0,194584487;10;4721
4;10;11;0,3;0,389168973;0,5;0,194584487;10;4721
4;10;10;0,3;0,389168973;0,5;0,194584487;10;4721
4;10;13;0,3;0,389168973;0,5;0,194584487;10;4721
4;10;12;0,3;0,389168973;0,5;0,194584487;10;4721
3;11;10;0,5;0,389168973;0,5;0,194584487;10;4709
3;12;12;0,3;0,389168973;0,5;0,194584487;10;4714
3;12;14;0,3;0,389168973;0,5;0,194584487;10;4714
2;12;13;0,5;0,389168973;0,5;0,194584487;10;4708
2;12;12;0,5;0,389168973;0,5;0,194584487;10;4708
4;12;10;0,5;0,389168973;0,5;0,194584487;10;4709
3;12;13;0,3;0,389168973;0,5;0,194584487;10;4714
4;12;11;0,5;0,389168973;0,5;0,194584487;10;4709
2;10;10;0,3;0,395548932;0,491666667;0,194478225;12;4699
2;10;11;0,3;0,395548932;0,491666667;0,194478225;12;4699
4;10;14;0,3;0,388061034;0,5;0,194030517;10;4721
2;12;10;0,3;0,415503306;0,466666667;0,193901543;12;4695
2;12;13;0,3;0,411210786;0,47;0,193269069;10;4696
2;10;13;0,5;0,385953455;0,5;0,192976728;10;4720
2;10;12;0,5;0,385953455;0,5;0,192976728;10;4720
4;12;14;0,3;0,385953455;0,5;0,192976728;10;4709
2;11;13;0,3;0,385953455;0,5;0,192976728;10;4708
2;11;14;0,3;0,385953455;0,5;0,192976728;10;4708
4;11;11;0,3;0,385953455;0,5;0,192976728;10;4708
4;11;13;0,3;0,385953455;0,5;0,192976728;10;4708
4;11;12;0,3;0,385953455;0,5;0,192976728;10;4708
2;10;14;0,5;0,384845517;0,5;0,192422758;10;4720
4;11;14;0,3;0,384845517;0,5;0,192422758;10;4708
4;10;10;0,5;0,398933984;0,481818182;0,192213647;11;4721
3;14;10;0,5;0,382678258;0,5;0,191339129;10;4708
3;12;15;0,5;0,391493205;0,4875;0,190852938;8;4709
4;15;15;0,1;0,391493205;0,4875;0,190852938;8;4709
2;15;15;0,3;0,391493205;0,4875;0,190852938;8;4708
3;16;15;0,5;0,391493205;0,4875;0,190852938;8;4709
4;10;15;0,5;0,391493205;0,4875;0,190852938;8;4721
3;10;14;0,5;0,405249262;0,47;0,190467153;10;4721
2;14;13;0,5;0,405249262;0,47;0,190467153;10;4708
2;16;10;0,3;0,404671062;0,47;0,190195399;10;4716
3;11;13;0,3;0,380380956;0,5;0,190190478;10;4709
3;11;14;0,3;0,380380956;0,5;0,190190478;10;4709
4;12;12;0,3;0,380380956;0,5;0,190190478;10;4709
3;11;12;0,3;0,380380956;0,5;0,190190478;10;4709
4;12;13;0,3;0,380380956;0,5;0,190190478;10;4709
2;11;12;0,5;0,380380956;0,5;0,190190478;10;4709
3;17;10;0,1;0,418960489;0,452941176;0,189764457;17;4518
3;15;15;0,3;0,388318824;0,4875;0,189305427;8;4709
4;15;15;0,3;0,388318824;0,4875;0,189305427;8;4709
2;16;15;0,5;0,388093221;0,4875;0,189195445;8;4689
2;14;11;0,3;0,412316929;0,458333333;0,188978592;12;4696
2;14;10;0,3;0,412316929;0,458333333;0,188978592;12;4696
2;16;13;0,1;0,404676106;0,466666667;0,18884885;12;4525
2;10;11;0,5;0,411856728;0,458333333;0,188767667;12;4659
2;11;10;0,3;0,411856728;0,458333333;0,188767667;12;4686
3;14;10;0,3;0,411856728;0,458333333;0,188767667;12;4695
2;15;12;0,3;0,401137184;0,47;0,188534477;10;4715
3;17;10;0,5;0,398667574;0,47;0,18737376;10;4716
2;17;14;0,1;0,396146693;0,47;0,186188946;10;4716
2;17;12;0,1;0,396146693;0,47;0,186188946;10;4716
2;17;13;0,1;0,396146693;0,47;0,186188946;10;4716
3;15;11;0,1;0,397843196;0,466666667;0,185660158;15;4518
2;17;10;0,3;0,39374543;0,466666667;0,183747867;12;4694
2;14;12;0,5;0,391860118;0,463636364;0,1816806;11;4708
2;14;12;0,3;0,391860118;0,463636364;0,1816806;11;4708
4;11;10;0,3;0,389856204;0,463636364;0,180751513;11;4708
2;17;16;0,1;0,350833047;0,5125;0,179801937;8;4716
2;17;19;0,1;0,350833047;0,5125;0,179801937;8;4716
2;17;18;0,1;0,350833047;0,5125;0,179801937;8;4716
2;17;17;0,1;0,350833047;0,5125;0,179801937;8;4716
3;10;11;0,3;0,389155785;0,458333333;0,178363068;12;4668
3;12;11;0,3;0,389155785;0,458333333;0,178363068;12;4692
4;11;10;0,5;0,389155785;0,458333333;0,178363068;12;4679
3;12;10;0,3;0,389155785;0,458333333;0,178363068;12;4692
2;11;11;0,5;0,388695584;0,458333333;0,178152143;12;4686
2;11;10;0,5;0,388695584;0,458333333;0,178152143;12;4689
3;15;13;0,1;0,381514963;0,466666667;0,178040316;12;4518
4;12;14;0,1;0,394003679;0,45;0,177301656;12;4521
3;14;13;0,1;0,394003679;0,45;0,177301656;12;4517
3;14;14;0,1;0,394003679;0,45;0,177301656;12;4517
4;17;12;0,1;0,392305375;0,45;0,176537419;12;4518
4;11;17;0,1;0,39882889;0,441666667;0,176149426;12;4521
3;11;10;0,3;0,383411839;0,458333333;0,175730426;12;4697
3;11;11;0,3;0,383411839;0,458333333;0,175730426;12;4697
4;12;10;0,3;0,383411839;0,458333333;0,175730426;12;4697
3;15;16;0,1;0,374180594;0,466666667;0,17461761;12;4518
3;15;14;0,1;0,374180594;0,466666667;0,17461761;12;4518
3;10;12;0,3;0,364504959;0,463636364;0,168997754;11;4699
4;11;15;0,3;0,399294255;0,422222222;0,168590908;9;4708
4;11;16;0,3;0,394190761;0,422222222;0,166436099;9;4708
3;10;15;0,5;0,371044264;0,422222222;0,156663134;9;4721
4;10;15;0,3;0,36841273;0,422222222;0,155552041;9;4721
3;12;15;0,3;0,36841273;0,422222222;0,155552041;9;4714
3;11;16;0,3;0,363309236;0,422222222;0,153397233;9;4709
4;12;15;0,3;0,363309236;0,422222222;0,153397233;9;4709
3;11;15;0,3;0,363309236;0,422222222;0,153397233;9;4709
3;12;16;0,3;0,363309236;0,422222222;0,153397233;9;4714
3;11;17;0,3;0,363309236;0,422222222;0,153397233;9;4709
3;10;16;0,3;0,363309236;0,422222222;0,153397233;9;4721
3;10;15;0,3;0,363309236;0,422222222;0,153397233;9;4721
